"X";"Z";"Y"
0.0;0.0;45.3633069
0.0;1.0;12.43845601
0.0;2.0;-63.63167772
0.0;3.0;-122.9371075
0.0;4.0;-93.3442678
0.0;5.0;-204.8093481
0.0;6.0;-226.46243
0.0;7.0;-132.1508104
0.0;8.0;-422.9369785
0.0;9.0;-378.427075
0.0;10.0;-619.9526565
0.0;11.0;-692.5961474
0.0;12.0;-765.0501754
0.0;13.0;-731.9852299
0.0;14.0;-1088.209098
0.0;15.0;-1303.091231
0.0;16.0;-1491.390669
0.0;17.0;-1552.452549
0.0;18.0;-1731.281375
0.0;19.0;-1859.754477
0.0;20.0;-2009.184335
0.0;21.0;-2069.865546
0.0;22.0;-2437.544182
0.0;23.0;-2668.722148
0.0;24.0;-3012.32364
0.0;25.0;-3019.175672
0.0;26.0;-3397.64978
0.0;27.0;-3698.936439
0.0;28.0;-3955.074724
0.0;29.0;-4270.997416
0.0;30.0;-4624.234184
0.0;31.0;-4869.176323
0.0;32.0;-5153.992106
0.0;33.0;-5472.418656
0.0;34.0;-5866.396247
1.0;0.0;79.25035716
1.0;1.0;3.56702103
1.0;2.0;-47.63266791
1.0;3.0;-144.5760123
1.0;4.0;-151.2816228
1.0;5.0;-115.0561085
1.0;6.0;-216.3987421
1.0;7.0;-50.3188752
1.0;8.0;-264.7947224
1.0;9.0;-384.8851878
1.0;10.0;-523.635744
1.0;11.0;-554.5778568
1.0;12.0;-691.0308334
1.0;13.0;-696.0101995
1.0;14.0;-1056.217232
1.0;15.0;-1216.225676
1.0;16.0;-1219.432081
1.0;17.0;-1504.382797
1.0;18.0;-1713.033101
1.0;19.0;-1706.860269
1.0;20.0;-2094.464363
1.0;21.0;-2260.538584
1.0;22.0;-2487.331784
1.0;23.0;-2638.092308
1.0;24.0;-3042.112069
1.0;25.0;-3100.571805
1.0;26.0;-3435.194615
1.0;27.0;-3745.170678
1.0;28.0;-3953.541089
1.0;29.0;-4316.736023
1.0;30.0;-4538.3553
1.0;31.0;-4839.073025
1.0;32.0;-5023.196963
1.0;33.0;-5453.520248
1.0;34.0;-5847.045386
2.0;0.0;-5.71712692
2.0;1.0;28.8843667
2.0;2.0;20.40958621
2.0;3.0;-39.41505748
2.0;4.0;68.3457312
2.0;5.0;-188.5261329
2.0;6.0;-137.4753161
2.0;7.0;-366.2667121
2.0;8.0;-321.3662221
2.0;9.0;-495.9924331
2.0;10.0;-428.2535527
2.0;11.0;-591.8877836
2.0;12.0;-724.2712558
2.0;13.0;-854.8188364
2.0;14.0;-930.8954033
2.0;15.0;-1289.329022
2.0;16.0;-1316.292158
2.0;17.0;-1430.898612
2.0;18.0;-1533.063856
2.0;19.0;-1887.638905
2.0;20.0;-2171.594922
2.0;21.0;-2310.393429
2.0;22.0;-2502.546778
2.0;23.0;-2647.549393
2.0;24.0;-2997.781863
2.0;25.0;-3204.142927
2.0;26.0;-3508.427027
2.0;27.0;-3707.832141
2.0;28.0;-3959.587499
2.0;29.0;-4350.685162
2.0;30.0;-4508.111662
2.0;31.0;-4950.648076
2.0;32.0;-5204.442142
2.0;33.0;-5502.018262
2.0;34.0;-5789.300111
3.0;0.0;54.11385433
3.0;1.0;75.35413197
3.0;2.0;160.4417857
3.0;3.0;-85.73781315
3.0;4.0;-80.11656303
3.0;5.0;-159.2023111
3.0;6.0;-220.33703
3.0;7.0;-246.4416785
3.0;8.0;-327.3256204
3.0;9.0;-381.6144161
3.0;10.0;-523.9322913
3.0;11.0;-583.774005
3.0;12.0;-747.4045477
3.0;13.0;-918.9079942
3.0;14.0;-939.6604128
3.0;15.0;-1153.131427
3.0;16.0;-1209.227806
3.0;17.0;-1435.922576
3.0;18.0;-1654.416802
3.0;19.0;-1670.628339
3.0;20.0;-1996.655706
3.0;21.0;-2207.120957
3.0;22.0;-2436.401326
3.0;23.0;-2711.562182
3.0;24.0;-2950.234824
3.0;25.0;-3164.429187
3.0;26.0;-3482.488787
3.0;27.0;-3711.110551
3.0;28.0;-3829.907102
3.0;29.0;-4208.175243
3.0;30.0;-4401.796446
3.0;31.0;-4821.434187
3.0;32.0;-5183.154324
3.0;33.0;-5472.798224
3.0;34.0;-5787.064416
4.0;0.0;156.6417804
4.0;1.0;-27.95481724
4.0;2.0;80.23240193
4.0;3.0;33.52600827
4.0;4.0;0.27634014
4.0;5.0;55.7580813
4.0;6.0;-179.5314212
4.0;7.0;-178.4308643
4.0;8.0;-210.5993176
4.0;9.0;-541.1017211
4.0;10.0;-656.0528301
4.0;11.0;-636.93626
4.0;12.0;-581.9878476
4.0;13.0;-787.2850748
4.0;14.0;-927.3957968
4.0;15.0;-1220.420194
4.0;16.0;-1161.034206
4.0;17.0;-1401.3889
4.0;18.0;-1736.265172
4.0;19.0;-1875.878172
4.0;20.0;-2041.970131
4.0;21.0;-2172.120595
4.0;22.0;-2422.78432
4.0;23.0;-2606.183032
4.0;24.0;-2856.357028
4.0;25.0;-3037.511867
4.0;26.0;-3348.077992
4.0;27.0;-3760.875521
4.0;28.0;-3902.850064
4.0;29.0;-4167.866644
4.0;30.0;-4547.618441
4.0;31.0;-4887.960297
4.0;32.0;-5323.935036
4.0;33.0;-5470.516455
4.0;34.0;-5850.696651
5.0;0.0;111.6260379
5.0;1.0;-45.9647506
5.0;2.0;155.2804828
5.0;3.0;-31.52554669
5.0;4.0;150.6944526
5.0;5.0;-98.15331189
5.0;6.0;-95.1923131
5.0;7.0;-33.4232923
5.0;8.0;-347.1332264
5.0;9.0;-174.7022608
5.0;10.0;-373.950936
5.0;11.0;-567.4521226
5.0;12.0;-717.622073
5.0;13.0;-868.755761
5.0;14.0;-1028.890349
5.0;15.0;-1090.346223
5.0;16.0;-1231.369362
5.0;17.0;-1387.888556
5.0;18.0;-1599.688814
5.0;19.0;-1845.795789
5.0;20.0;-1986.567319
5.0;21.0;-2196.273146
5.0;22.0;-2328.772588
5.0;23.0;-2527.543753
5.0;24.0;-2861.858492
5.0;25.0;-3066.732066
5.0;26.0;-3316.068036
5.0;27.0;-3514.277761
5.0;28.0;-3869.1155
5.0;29.0;-4259.73244
5.0;30.0;-4605.502461
5.0;31.0;-4742.319671
5.0;32.0;-5224.436051
5.0;33.0;-5636.421481
5.0;34.0;-5835.491815
6.0;0.0;80.20249666
6.0;1.0;239.2437851
6.0;2.0;205.9436419
6.0;3.0;113.3509045
6.0;4.0;79.36601682
6.0;5.0;68.51437837
6.0;6.0;-101.2924498
6.0;7.0;-133.5151882
6.0;8.0;-249.2455706
6.0;9.0;-282.6655123
6.0;10.0;-416.3377157
6.0;11.0;-543.8822152
6.0;12.0;-758.701277
6.0;13.0;-859.2151198
6.0;14.0;-949.4294626
6.0;15.0;-976.5471239
6.0;16.0;-1170.772828
6.0;17.0;-1284.12079
6.0;18.0;-1604.408758
6.0;19.0;-1655.86227
6.0;20.0;-1875.164266
6.0;21.0;-2151.827087
6.0;22.0;-2390.407092
6.0;23.0;-2578.768215
6.0;24.0;-2750.695803
6.0;25.0;-3124.361464
6.0;26.0;-3318.76322
6.0;27.0;-3587.226563
6.0;28.0;-3963.692923
6.0;29.0;-3974.106397
6.0;30.0;-4464.542877
6.0;31.0;-4640.520376
6.0;32.0;-5069.646656
6.0;33.0;-5437.049075
6.0;34.0;-5751.052257
7.0;0.0;140.65613
7.0;1.0;281.5474822
7.0;2.0;178.9866636
7.0;3.0;173.2086926
7.0;4.0;62.48291063
7.0;5.0;19.43196708
7.0;6.0;-170.4208411
7.0;7.0;-157.3814796
7.0;8.0;-108.2947633
7.0;9.0;-362.4842364
7.0;10.0;-522.0151456
7.0;11.0;-524.6596492
7.0;12.0;-520.9599086
7.0;13.0;-844.0780721
7.0;14.0;-893.9347813
7.0;15.0;-961.306942
7.0;16.0;-1133.557508
7.0;17.0;-1384.770899
7.0;18.0;-1577.870223
7.0;19.0;-1625.252636
7.0;20.0;-1853.950116
7.0;21.0;-1993.395986
7.0;22.0;-2150.053123
7.0;23.0;-2617.089443
7.0;24.0;-2690.409146
7.0;25.0;-2900.72984
7.0;26.0;-3344.550423
7.0;27.0;-3676.534163
7.0;28.0;-3812.517905
7.0;29.0;-4203.656462
7.0;30.0;-4406.383284
7.0;31.0;-4835.258666
7.0;32.0;-5146.144029
7.0;33.0;-5360.983539
7.0;34.0;-5747.08332
8.0;0.0;105.520594
8.0;1.0;268.9881719
8.0;2.0;83.83097604
8.0;3.0;179.6038078
8.0;4.0;244.0914158
8.0;5.0;56.6599249
8.0;6.0;-117.4917816
8.0;7.0;-145.3711307
8.0;8.0;-246.0740338
8.0;9.0;-174.8438444
8.0;10.0;-171.7320064
8.0;11.0;-305.9131313
8.0;12.0;-574.9762934
8.0;13.0;-629.3030249
8.0;14.0;-701.9928365
8.0;15.0;-933.2253812
8.0;16.0;-1163.433147
8.0;17.0;-1236.541363
8.0;18.0;-1494.665303
8.0;19.0;-1690.195059
8.0;20.0;-1734.78021
8.0;21.0;-2159.620723
8.0;22.0;-2252.108461
8.0;23.0;-2449.380752
8.0;24.0;-2631.722346
8.0;25.0;-2899.511341
8.0;26.0;-3032.831763
8.0;27.0;-3552.182224
8.0;28.0;-3790.699958
8.0;29.0;-3993.427209
8.0;30.0;-4247.997261
8.0;31.0;-4628.031165
8.0;32.0;-4952.763881
8.0;33.0;-5436.406237
8.0;34.0;-5640.428541
9.0;0.0;150.785209
9.0;1.0;148.2484818
9.0;2.0;308.6382742
9.0;3.0;141.2479436
9.0;4.0;177.2239944
9.0;5.0;121.7692206
9.0;6.0;-37.60501098
9.0;7.0;25.33188792
9.0;8.0;-50.55399743
9.0;9.0;-209.1127521
9.0;10.0;-278.9064626
9.0;11.0;-385.5681632
9.0;12.0;-643.6616313
9.0;13.0;-620.6702125
9.0;14.0;-878.5076109
9.0;15.0;-734.9961735
9.0;16.0;-954.5240972
9.0;17.0;-1255.816496
9.0;18.0;-1410.46683
9.0;19.0;-1597.465859
9.0;20.0;-1740.938538
9.0;21.0;-2029.984122
9.0;22.0;-2134.605591
9.0;23.0;-2559.541903
9.0;24.0;-2745.097846
9.0;25.0;-2889.226932
9.0;26.0;-3215.408346
9.0;27.0;-3535.641442
9.0;28.0;-3815.963268
9.0;29.0;-4038.92468
9.0;30.0;-4338.368303
9.0;31.0;-4474.739675
9.0;32.0;-4989.720486
9.0;33.0;-5419.049469
9.0;34.0;-5618.826952
10.0;0.0;341.8902116
10.0;1.0;208.2907902
10.0;2.0;97.2593534
10.0;3.0;210.5815664
10.0;4.0;115.217736
10.0;5.0;152.5325279
10.0;6.0;131.9593996
10.0;7.0;-98.1319419
10.0;8.0;-16.9566288
10.0;9.0;-91.31711321
10.0;10.0;-354.2395085
10.0;11.0;-506.0196886
10.0;12.0;-406.8609446
10.0;13.0;-577.2237075
10.0;14.0;-670.1330531
10.0;15.0;-908.2183971
10.0;16.0;-1026.590326
10.0;17.0;-1155.940853
10.0;18.0;-1361.398943
10.0;19.0;-1540.954868
10.0;20.0;-1885.315004
10.0;21.0;-1926.346239
10.0;22.0;-2014.509505
10.0;23.0;-2402.203396
10.0;24.0;-2660.072815
10.0;25.0;-2945.821774
10.0;26.0;-3295.84107
10.0;27.0;-3473.13748
10.0;28.0;-3551.496956
10.0;29.0;-3996.753208
10.0;30.0;-4266.493144
10.0;31.0;-4541.118838
10.0;32.0;-4861.585545
10.0;33.0;-5303.123383
10.0;34.0;-5682.121452
11.0;0.0;381.9691953
11.0;1.0;302.725614
11.0;2.0;336.6240546
11.0;3.0;195.9996026
11.0;4.0;351.5963738
11.0;5.0;185.763262
11.0;6.0;210.7237273
11.0;7.0;99.15552902
11.0;8.0;49.05819166
11.0;9.0;-19.17854965
11.0;10.0;35.6991072
11.0;11.0;-324.1761352
11.0;12.0;-270.4532823
11.0;13.0;-382.428706
11.0;14.0;-573.4860367
11.0;15.0;-852.235852
11.0;16.0;-1004.724903
11.0;17.0;-1068.723476
11.0;18.0;-1252.311555
11.0;19.0;-1398.740132
11.0;20.0;-1768.539974
11.0;21.0;-2047.055938
11.0;22.0;-2044.889443
11.0;23.0;-2371.274749
11.0;24.0;-2547.523854
11.0;25.0;-2837.988708
11.0;26.0;-3015.355019
11.0;27.0;-3515.930874
11.0;28.0;-3750.783123
11.0;29.0;-3971.340351
11.0;30.0;-4216.715691
11.0;31.0;-4504.641544
11.0;32.0;-4816.489546
11.0;33.0;-5112.905507
11.0;34.0;-5446.704588
12.0;0.0;448.7665144
12.0;1.0;445.0193627
12.0;2.0;386.7065962
12.0;3.0;321.8517773
12.0;4.0;233.9979571
12.0;5.0;334.6833988
12.0;6.0;206.6573682
12.0;7.0;187.7322882
12.0;8.0;88.14057212
12.0;9.0;110.0184532
12.0;10.0;1.49654939
12.0;11.0;-184.269309
12.0;12.0;-158.9431986
12.0;13.0;-351.6018169
12.0;14.0;-651.7060465
12.0;15.0;-800.7216662
12.0;16.0;-917.2665161
12.0;17.0;-976.069521
12.0;18.0;-1301.217144
12.0;19.0;-1499.13085
12.0;20.0;-1551.692194
12.0;21.0;-1858.221661
12.0;22.0;-2167.727856
12.0;23.0;-2251.849656
12.0;24.0;-2592.422565
12.0;25.0;-2694.370372
12.0;26.0;-3139.413868
12.0;27.0;-3197.103969
12.0;28.0;-3584.463067
12.0;29.0;-3836.289502
12.0;30.0;-4172.613387
12.0;31.0;-4496.510386
12.0;32.0;-4687.961923
12.0;33.0;-4895.461042
12.0;34.0;-5473.674223
13.0;0.0;566.2995119
13.0;1.0;447.2505227
13.0;2.0;525.2578935
13.0;3.0;332.6695314
13.0;4.0;454.9250172
13.0;5.0;323.9320855
13.0;6.0;259.3473623
13.0;7.0;136.1164048
13.0;8.0;181.3930034
13.0;9.0;98.94634215
13.0;10.0;-74.7177693
13.0;11.0;-77.95998779
13.0;12.0;-299.9610089
13.0;13.0;-459.8537269
13.0;14.0;-587.0878469
13.0;15.0;-699.9850697
13.0;16.0;-828.5709218
13.0;17.0;-1021.29491
13.0;18.0;-1134.122307
13.0;19.0;-1271.093024
13.0;20.0;-1586.555066
13.0;21.0;-1703.223213
13.0;22.0;-1955.558737
13.0;23.0;-2110.339352
13.0;24.0;-2317.988603
13.0;25.0;-2631.028907
13.0;26.0;-3006.398106
13.0;27.0;-3177.747564
13.0;28.0;-3401.485647
13.0;29.0;-3701.66502
13.0;30.0;-4078.827192
13.0;31.0;-4496.262248
13.0;32.0;-4526.956866
13.0;33.0;-5092.836552
13.0;34.0;-5351.350401
14.0;0.0;618.9051294
14.0;1.0;644.6325278
14.0;2.0;544.059593
14.0;3.0;522.1501569
14.0;4.0;537.6715298
14.0;5.0;455.7516146
14.0;6.0;389.9322708
14.0;7.0;346.5899093
14.0;8.0;77.4409458
14.0;9.0;191.7753264
14.0;10.0;105.8924256
14.0;11.0;-23.71300423
14.0;12.0;-199.721224
14.0;13.0;-270.4838943
14.0;14.0;-591.1554408
14.0;15.0;-415.1737065
14.0;16.0;-789.622106
14.0;17.0;-802.4772739
14.0;18.0;-1061.53061
14.0;19.0;-1185.670002
14.0;20.0;-1532.907062
14.0;21.0;-1729.834521
14.0;22.0;-1792.256723
14.0;23.0;-2162.439529
14.0;24.0;-2304.123776
14.0;25.0;-2728.632268
14.0;26.0;-2871.043208
14.0;27.0;-3119.10657
14.0;28.0;-3546.77759
14.0;29.0;-3648.42902
14.0;30.0;-3907.689436
14.0;31.0;-4248.965857
14.0;32.0;-4687.947016
14.0;33.0;-5021.619063
14.0;34.0;-5279.374575
15.0;0.0;737.9104158
15.0;1.0;620.7729126
15.0;2.0;730.4342401
15.0;3.0;634.3339754
15.0;4.0;701.4729632
15.0;5.0;594.1568662
15.0;6.0;522.6811051
15.0;7.0;346.7927816
15.0;8.0;227.4801194
15.0;9.0;184.3791362
15.0;10.0;187.7651657
15.0;11.0;137.8954376
15.0;12.0;25.39207145
15.0;13.0;-316.6322489
15.0;14.0;-315.7528136
15.0;15.0;-460.6378308
15.0;16.0;-648.3744315
15.0;17.0;-638.4561213
15.0;18.0;-898.7200963
15.0;19.0;-981.3714812
15.0;20.0;-1409.289274
15.0;21.0;-1570.275093
15.0;22.0;-1819.772989
15.0;23.0;-1992.351053
15.0;24.0;-2325.493635
15.0;25.0;-2562.102416
15.0;26.0;-2862.981609
15.0;27.0;-3089.953538
15.0;28.0;-3215.445481
15.0;29.0;-3584.954976
15.0;30.0;-3890.998994
15.0;31.0;-4213.456509
15.0;32.0;-4618.306097
15.0;33.0;-4808.65884
15.0;34.0;-5294.879338
16.0;0.0;635.6030355
16.0;1.0;821.6591108
16.0;2.0;915.3418088
16.0;3.0;825.5952622
16.0;4.0;531.4907265
16.0;5.0;770.6718745
16.0;6.0;569.1528187
16.0;7.0;461.6982037
16.0;8.0;473.2865837
16.0;9.0;298.3517012
16.0;10.0;295.7761487
16.0;11.0;140.2154425
16.0;12.0;-1.025092
16.0;13.0;-273.0451782
16.0;14.0;-200.0994637
16.0;15.0;-395.0999722
16.0;16.0;-514.7455438
16.0;17.0;-610.8013921
16.0;18.0;-810.6412032
16.0;19.0;-1013.305045
16.0;20.0;-1247.488136
16.0;21.0;-1491.656076
16.0;22.0;-1643.642523
16.0;23.0;-2034.937224
16.0;24.0;-2031.378063
16.0;25.0;-2346.022037
16.0;26.0;-2626.432876
16.0;27.0;-2800.303237
16.0;28.0;-3262.384961
16.0;29.0;-3677.046294
16.0;30.0;-3901.817133
16.0;31.0;-4139.792657
16.0;32.0;-4588.840134
16.0;33.0;-4753.440178
16.0;34.0;-4982.793754
17.0;0.0;983.8690191
17.0;1.0;869.0311695
17.0;2.0;935.1690792
17.0;3.0;857.1900556
17.0;4.0;855.3158828
17.0;5.0;833.2122017
17.0;6.0;723.4183438
17.0;7.0;470.5754342
17.0;8.0;555.8387048
17.0;9.0;441.2217984
17.0;10.0;219.7661235
17.0;11.0;76.6572181
17.0;12.0;68.54115403
17.0;13.0;-26.38164084
17.0;14.0;-108.588438
17.0;15.0;-369.778022
17.0;16.0;-413.2826874
17.0;17.0;-679.3824422
17.0;18.0;-856.9050993
17.0;19.0;-927.1882137
17.0;20.0;-1292.26971
17.0;21.0;-1384.796643
17.0;22.0;-1421.955014
17.0;23.0;-1778.593965
17.0;24.0;-2077.946032
17.0;25.0;-2443.959217
17.0;26.0;-2588.24471
17.0;27.0;-2892.306059
17.0;28.0;-3076.687121
17.0;29.0;-3426.416852
17.0;30.0;-3687.162384
17.0;31.0;-4052.286549
17.0;32.0;-4195.76384
17.0;33.0;-4831.264505
17.0;34.0;-4865.218243
18.0;0.0;1119.215398
18.0;1.0;959.1900702
18.0;2.0;978.126364
18.0;3.0;919.2861443
18.0;4.0;781.3207483
18.0;5.0;850.7171084
18.0;6.0;864.4500706
18.0;7.0;709.2394422
18.0;8.0;677.5696805
18.0;9.0;435.4091229
18.0;10.0;475.2681371
18.0;11.0;473.6462057
18.0;12.0;247.4861148
18.0;13.0;-14.2596752
18.0;14.0;-8.91828098
18.0;15.0;-220.1341602
18.0;16.0;-270.5897099
18.0;17.0;-621.3205169
18.0;18.0;-796.5962395
18.0;19.0;-842.1712238
18.0;20.0;-1037.416828
18.0;21.0;-1368.189173
18.0;22.0;-1478.900984
18.0;23.0;-1745.100045
18.0;24.0;-1814.98262
18.0;25.0;-2204.791735
18.0;26.0;-2472.19634
18.0;27.0;-2578.006511
18.0;28.0;-2950.096294
18.0;29.0;-3270.00516
18.0;30.0;-3603.241316
18.0;31.0;-3904.191582
18.0;32.0;-4161.205568
18.0;33.0;-4358.817914
18.0;34.0;-4937.647636
19.0;0.0;1120.442006
19.0;1.0;1116.505352
19.0;2.0;1105.060624
19.0;3.0;963.449575
19.0;4.0;977.6722665
19.0;5.0;924.6694908
19.0;6.0;757.865569
19.0;7.0;813.6231418
19.0;8.0;716.8568644
19.0;9.0;721.1874294
19.0;10.0;461.0800924
19.0;11.0;416.428008
19.0;12.0;222.2825216
19.0;13.0;100.3045467
19.0;14.0;61.06148969
19.0;15.0;-132.4581006
19.0;16.0;-166.1397252
19.0;17.0;-490.363239
19.0;18.0;-623.6366573
19.0;19.0;-833.8342682
19.0;20.0;-992.6541204
19.0;21.0;-1182.131681
19.0;22.0;-1374.832479
19.0;23.0;-1481.956511
19.0;24.0;-1926.895994
19.0;25.0;-2230.782517
19.0;26.0;-2240.781698
19.0;27.0;-2625.114286
19.0;28.0;-2849.828332
19.0;29.0;-3196.411051
19.0;30.0;-3431.901397
19.0;31.0;-3830.464829
19.0;32.0;-4284.194607
19.0;33.0;-4382.799116
19.0;34.0;-4748.191945
20.0;0.0;1067.834951
20.0;1.0;1224.071552
20.0;2.0;1185.832548
20.0;3.0;1022.176015
20.0;4.0;1153.74152
20.0;5.0;999.8446533
20.0;6.0;1202.437192
20.0;7.0;962.9262355
20.0;8.0;782.4742504
20.0;9.0;695.3023242
20.0;10.0;703.3602736
20.0;11.0;509.3432045
20.0;12.0;481.0083458
20.0;13.0;370.2275726
20.0;14.0;213.6376005
20.0;15.0;-36.864051
20.0;16.0;-31.4182361
20.0;17.0;-459.9808522
20.0;18.0;-550.2425121
20.0;19.0;-596.0222872
20.0;20.0;-798.4003133
20.0;21.0;-947.3852257
20.0;22.0;-1198.397292
20.0;23.0;-1578.739516
20.0;24.0;-1689.398398
20.0;25.0;-2007.652498
20.0;26.0;-2421.081245
20.0;27.0;-2354.534416
20.0;28.0;-2721.139465
20.0;29.0;-3139.791908
20.0;30.0;-3340.923977
20.0;31.0;-3611.378894
20.0;32.0;-3909.488179
20.0;33.0;-4304.464094
20.0;34.0;-4450.1589
21.0;0.0;1315.887814
21.0;1.0;1480.979356
21.0;2.0;1136.871371
21.0;3.0;1255.711625
21.0;4.0;1314.564659
21.0;5.0;1326.575204
21.0;6.0;1057.01713
21.0;7.0;1080.214067
21.0;8.0;976.5891219
21.0;9.0;968.1338331
21.0;10.0;706.1015846
21.0;11.0;761.4532172
21.0;12.0;791.3072336
21.0;13.0;417.8801993
21.0;14.0;314.003221
21.0;15.0;21.5421225
21.0;16.0;29.78608333
21.0;17.0;-240.6975658
21.0;18.0;-436.6130377
21.0;19.0;-540.470183
21.0;20.0;-683.4563771
21.0;21.0;-901.065432
21.0;22.0;-1156.309766
21.0;23.0;-1288.468188
21.0;24.0;-1589.007374
21.0;25.0;-1777.866709
21.0;26.0;-2181.132355
21.0;27.0;-2500.205045
21.0;28.0;-2627.599992
21.0;29.0;-3039.127657
21.0;30.0;-3329.972185
21.0;31.0;-3653.3867
21.0;32.0;-3895.216802
21.0;33.0;-4230.715502
21.0;34.0;-4582.657799
22.0;0.0;1422.386026
22.0;1.0;1413.683291
22.0;2.0;1500.072367
22.0;3.0;1377.322767
22.0;4.0;1326.68611
22.0;5.0;1218.915976
22.0;6.0;1330.091412
22.0;7.0;1300.483817
22.0;8.0;1079.480894
22.0;9.0;1091.955628
22.0;10.0;929.2823761
22.0;11.0;946.0199442
22.0;12.0;671.2183251
22.0;13.0;555.3827135
22.0;14.0;281.9356264
22.0;15.0;137.6074362
22.0;16.0;195.8130617
22.0;17.0;44.28523595
22.0;18.0;-238.9990459
22.0;19.0;-372.6235648
22.0;20.0;-593.4709211
22.0;21.0;-836.432051
22.0;22.0;-974.5412856
22.0;23.0;-1164.104302
22.0;24.0;-1567.655552
22.0;25.0;-1684.697352
22.0;26.0;-1955.273405
22.0;27.0;-2078.306028
22.0;28.0;-2424.396682
22.0;29.0;-2701.04788
22.0;30.0;-3136.4766
22.0;31.0;-3295.573741
22.0;32.0;-3672.665189
22.0;33.0;-4006.849835
22.0;34.0;-4286.216639
23.0;0.0;1529.73266
23.0;1.0;1668.512023
23.0;2.0;1496.639666
23.0;3.0;1458.074883
23.0;4.0;1566.223082
23.0;5.0;1518.569245
23.0;6.0;1364.708594
23.0;7.0;1269.794106
23.0;8.0;1353.764846
23.0;9.0;1254.918451
23.0;10.0;1109.96121
23.0;11.0;958.8221762
23.0;12.0;899.5519697
23.0;13.0;825.6106268
23.0;14.0;451.4161103
23.0;15.0;463.4638743
23.0;16.0;226.3967407
23.0;17.0;25.87680296
23.0;18.0;-40.09675114
23.0;19.0;-364.433596
23.0;20.0;-493.153774
23.0;21.0;-670.0003272
23.0;22.0;-975.5864563
23.0;23.0;-1025.564089
23.0;24.0;-1264.621527
23.0;25.0;-1588.249967
23.0;26.0;-1710.790849
23.0;27.0;-2110.987091
23.0;28.0;-2375.678202
23.0;29.0;-2774.222814
23.0;30.0;-2878.633752
23.0;31.0;-3249.861058
23.0;32.0;-3632.531869
23.0;33.0;-3973.163852
23.0;34.0;-4228.25982
24.0;0.0;1709.007884
24.0;1.0;1846.1573
24.0;2.0;1823.505764
24.0;3.0;1624.263203
24.0;4.0;1647.349078
24.0;5.0;1569.427982
24.0;6.0;1551.048633
24.0;7.0;1511.99045
24.0;8.0;1327.091904
24.0;9.0;1277.83828
24.0;10.0;1208.676527
24.0;11.0;1100.065401
24.0;12.0;935.2152608
24.0;13.0;743.0332222
24.0;14.0;618.7247183
24.0;15.0;516.6987909
24.0;16.0;402.9534036
24.0;17.0;348.5983269
24.0;18.0;158.3941466
24.0;19.0;-291.4860336
24.0;20.0;-474.6947146
24.0;21.0;-590.3755925
24.0;22.0;-649.9578033
24.0;23.0;-901.5473412
24.0;24.0;-1313.549248
24.0;25.0;-1342.68126
24.0;26.0;-1627.048853
24.0;27.0;-2067.271782
24.0;28.0;-2359.599387
24.0;29.0;-2567.972781
24.0;30.0;-2789.054388
24.0;31.0;-2999.680904
24.0;32.0;-3424.27602
24.0;33.0;-3761.800254
24.0;34.0;-4186.03459
25.0;0.0;1844.045081
25.0;1.0;1860.376593
25.0;2.0;1778.03735
25.0;3.0;1718.587189
25.0;4.0;1805.512376
25.0;5.0;1693.450461
25.0;6.0;1670.252698
25.0;7.0;1463.373912
25.0;8.0;1529.71426
25.0;9.0;1495.403688
25.0;10.0;1458.128681
25.0;11.0;1200.014114
25.0;12.0;1022.357071
25.0;13.0;919.5831196
25.0;14.0;775.970331
25.0;15.0;820.0667519
25.0;16.0;637.6953596
25.0;17.0;324.752426
25.0;18.0;268.1730215
25.0;19.0;164.7205641
25.0;20.0;-180.662956
25.0;21.0;-493.7326771
25.0;22.0;-589.448468
25.0;23.0;-935.0362469
25.0;24.0;-1014.35453
25.0;25.0;-1378.944428
25.0;26.0;-1569.516113
25.0;27.0;-1896.334212
25.0;28.0;-2085.842995
25.0;29.0;-2558.611034
25.0;30.0;-2797.748746
25.0;31.0;-2960.594431
25.0;32.0;-3346.486653
25.0;33.0;-3762.011765
25.0;34.0;-3937.313181
26.0;0.0;1937.792365
26.0;1.0;2005.93855
26.0;2.0;2153.283419
26.0;3.0;1915.958805
26.0;4.0;2014.965036
26.0;5.0;1855.343188
26.0;6.0;1863.853507
26.0;7.0;1774.914308
26.0;8.0;1623.538705
26.0;9.0;1813.262098
26.0;10.0;1563.044303
26.0;11.0;1390.60563
26.0;12.0;1313.851837
26.0;13.0;1167.750413
26.0;14.0;1055.782631
26.0;15.0;775.8813427
26.0;16.0;648.448822
26.0;17.0;606.7818938
26.0;18.0;240.3606365
26.0;19.0;232.405431
26.0;20.0;30.04327756
26.0;21.0;-211.3952144
26.0;22.0;-475.6999383
26.0;23.0;-623.3835817
26.0;24.0;-980.3371982
26.0;25.0;-1201.846971
26.0;26.0;-1343.263527
26.0;27.0;-1685.662752
26.0;28.0;-2056.447675
26.0;29.0;-2196.827392
26.0;30.0;-2716.923584
26.0;31.0;-2865.848486
26.0;32.0;-3141.2911
26.0;33.0;-3632.700274
26.0;34.0;-3804.725834
27.0;0.0;2133.434978
27.0;1.0;2054.163288
27.0;2.0;2123.965524
27.0;3.0;2078.651042
27.0;4.0;2167.819036
27.0;5.0;2244.765427
27.0;6.0;2038.533409
27.0;7.0;2069.19276
27.0;8.0;2000.761578
27.0;9.0;1674.989765
27.0;10.0;1807.509483
27.0;11.0;1508.454167
27.0;12.0;1364.626996
27.0;13.0;1298.330797
27.0;14.0;1292.636774
27.0;15.0;925.2291687
27.0;16.0;929.7711632
27.0;17.0;666.5969883
27.0;18.0;378.9502685
27.0;19.0;193.4478119
27.0;20.0;131.7274332
27.0;21.0;29.27268321
27.0;22.0;-145.0542776
27.0;23.0;-468.735699
27.0;24.0;-872.9460407
27.0;25.0;-1089.175011
27.0;26.0;-1390.327978
27.0;27.0;-1409.916184
27.0;28.0;-1740.235294
27.0;29.0;-2195.036662
27.0;30.0;-2544.583272
27.0;31.0;-2685.336662
27.0;32.0;-3116.419274
27.0;33.0;-3443.143735
27.0;34.0;-3664.325527
28.0;0.0;2435.586825
28.0;1.0;2195.21809
28.0;2.0;2479.804956
28.0;3.0;2212.249177
28.0;4.0;2243.213623
28.0;5.0;2187.714425
28.0;6.0;2194.080205
28.0;7.0;1971.58887
28.0;8.0;1863.333856
28.0;9.0;1859.003809
28.0;10.0;1812.516978
28.0;11.0;1686.084336
28.0;12.0;1619.040875
28.0;13.0;1366.999988
28.0;14.0;1316.139424
28.0;15.0;1284.508063
28.0;16.0;1124.369963
28.0;17.0;871.7576988
28.0;18.0;678.5804852
28.0;19.0;413.8382817
28.0;20.0;350.7997292
28.0;21.0;132.5169218
28.0;22.0;-241.5399535
28.0;23.0;-440.0724248
28.0;24.0;-565.6174971
28.0;25.0;-868.4884219
28.0;26.0;-1035.332304
28.0;27.0;-1392.402598
28.0;28.0;-1698.619083
28.0;29.0;-1924.505625
28.0;30.0;-2073.127205
28.0;31.0;-2522.366801
28.0;32.0;-2855.162145
28.0;33.0;-3208.734334
28.0;34.0;-3458.379616
29.0;0.0;2401.6264
29.0;1.0;2419.022524
29.0;2.0;2519.541307
29.0;3.0;2439.182713
29.0;4.0;2506.587365
29.0;5.0;2457.787525
29.0;6.0;2267.335757
29.0;7.0;2356.987199
29.0;8.0;2210.457487
29.0;9.0;1975.473932
29.0;10.0;2040.06866
29.0;11.0;1918.876011
29.0;12.0;1642.026118
29.0;13.0;1727.125438
29.0;14.0;1620.504607
29.0;15.0;1457.978311
29.0;16.0;1165.213698
29.0;17.0;1011.195895
29.0;18.0;926.5935446
29.0;19.0;672.1413792
29.0;20.0;463.1921447
29.0;21.0;227.8513964
29.0;22.0;155.86356
29.0;23.0;-152.5447827
29.0;24.0;-385.6177049
29.0;25.0;-653.5293247
29.0;26.0;-823.8978693
29.0;27.0;-1295.426545
29.0;28.0;-1549.027141
29.0;29.0;-1696.487925
29.0;30.0;-2185.254736
29.0;31.0;-2271.434424
29.0;32.0;-2685.457436
29.0;33.0;-2985.564081
29.0;34.0;-3273.619595
30.0;0.0;2771.625641
30.0;1.0;2587.580917
30.0;2.0;2669.484208
30.0;3.0;2640.442495
30.0;4.0;2691.823761
30.0;5.0;2479.911021
30.0;6.0;2484.618899
30.0;7.0;2467.905452
30.0;8.0;2419.856221
30.0;9.0;2252.415514
30.0;10.0;2041.627153
30.0;11.0;2075.01063
30.0;12.0;1872.294287
30.0;13.0;1733.95318
30.0;14.0;1740.339507
30.0;15.0;1442.150588
30.0;16.0;1408.896958
30.0;17.0;1387.553353
30.0;18.0;1065.10945
30.0;19.0;891.7067995
30.0;20.0;688.2689376
30.0;21.0;320.9312779
30.0;22.0;206.0993804
30.0;23.0;22.83402837
30.0;24.0;-92.5340682
30.0;25.0;-440.7610709
30.0;26.0;-811.89676
30.0;27.0;-1018.821799
30.0;28.0;-1363.649267
30.0;29.0;-1700.68954
30.0;30.0;-1854.840391
30.0;31.0;-2158.025833
30.0;32.0;-2565.623857
30.0;33.0;-2763.159958
30.0;34.0;-3159.996656
31.0;0.0;2894.086321
31.0;1.0;2980.188426
31.0;2.0;2876.419097
31.0;3.0;2807.125673
31.0;4.0;2761.090375
31.0;5.0;2764.260077
31.0;6.0;2691.563122
31.0;7.0;2562.657148
31.0;8.0;2556.567724
31.0;9.0;2425.410005
31.0;10.0;2313.063466
31.0;11.0;2251.284533
31.0;12.0;2124.7123
31.0;13.0;1971.707877
31.0;14.0;1850.70257
31.0;15.0;1626.360087
31.0;16.0;1656.0945
31.0;17.0;1549.353797
31.0;18.0;1201.548425
31.0;19.0;1023.94124
31.0;20.0;829.5864831
31.0;21.0;488.5049645
31.0;22.0;252.3867621
31.0;23.0;272.0913655
31.0;24.0;-227.8215973
31.0;25.0;-206.9315646
31.0;26.0;-469.1519589
31.0;27.0;-851.0425907
31.0;28.0;-1170.889129
31.0;29.0;-1493.467184
31.0;30.0;-1721.20295
31.0;31.0;-1994.98881
31.0;32.0;-2400.078066
31.0;33.0;-2675.844401
31.0;34.0;-2964.800334
32.0;0.0;3066.120929
32.0;1.0;3075.077647
32.0;2.0;3076.363047
32.0;3.0;2898.720262
32.0;4.0;3020.718715
32.0;5.0;2983.444876
32.0;6.0;2857.305268
32.0;7.0;2783.251524
32.0;8.0;2839.866865
32.0;9.0;2662.870119
32.0;10.0;2462.344525
32.0;11.0;2402.187389
32.0;12.0;2361.575267
32.0;13.0;2098.084687
32.0;14.0;2093.455488
32.0;15.0;1888.828504
32.0;16.0;1840.121124
32.0;17.0;1489.805505
32.0;18.0;1434.543489
32.0;19.0;1046.511851
32.0;20.0;887.9085781
32.0;21.0;936.692858
32.0;22.0;629.3304912
32.0;23.0;358.4644968
32.0;24.0;186.75
